"title","author","state","date","stars","comments"
"Ottima scheda","Lucian","Italia","12 aprile 2015",4,"UPDATE 22/08/2017Scheda ancora perfettamente funzionante, i giochi vanno ancora che è una meraviglia. Alcuni degli ultimi cominciano un po' a chiedere qualche sacrificio in termini di dettagli, però vanno e le differenze non si vedono tanto.Confermo la qualità.UPDATE 08/11/2016A più di due anni da quando l'ho presa confermo quanto detto sotto. Si rivela tutt'ora un'ottima scheda, silenziosa (se regolata a dovere con MSI Afterburner) e molto performante. Gioco a tutti gli ultimi giochi a livello di dettaglio alto ancora adesso.Partiamo dalla spedizione: veloce e puntuale come solito di Amazon. Continuate così.La scheda è arrivata super-imballata. Non si muoveva all'interno della scatola di cartone, cosa questa indispensabile quando si tratta di componenti elettronici (specialmente gli hard disk).Dentro la scatola troviamo:- la scheda- manualistica varia- cd con i driver e utility*- cavo crossfire- 2 x cavi di alimentazione da 4 a 8 pin- cavo Mini DisplayPort-DisplayPort- 1 x cavo HDMI da 1.8 mIl computer dove è stata installata ha come processore un i5-2500k, scheda madre MSI-Z68A-G43, ram 8gb Corsair Vengeance e alimentatore XFX 550W Pro. Il case è un Cooler Master Elite 430.Dopo aver visto recensioni e test decido di prenderla. La installo e tutto funziona per il meglio. Molto bella da vedere grazie anche alla scritta SAPPHIRE illuminata di giallo.La scheda è ottima. Ho giocato fino ad ora con tutte le impostazioni al massimo (ottimizzazione del gioco permettendo). Battlefield 3, Battlefield 4, Euro Truck Simulator 2, GTA 4 (eh si, anche lui), Tomb Raider 2013, Simcity 2013, Civilization 5, Train Simulator 2015, Cities Skylines, Flight Simulator X (versione Steam ottimizzata) Tropico 5 e molti altri sono solo alcuni dei titoli che questa riesce a mandare al massimo della qualità grazie anche ai suoi 3GB di Vram (utili nel caso di GTA 4).Ancor prima di comprarla sapevo del problema delle R9 280X e cioè che in determinate situazioni vengono visualizzati artefatti. Ebbene anche questa non ne è esente. Ma non in modo pesante. Visualizzo artefatti di rado facendo lo scroll delle pagine web. Solo una volta giocando. Questo a cause delle memorie che non sono dissipate bene.Inoltre la scheda che possiedo io ha memorie Elpida (verificato con Memory Info). Da quanto ho letto in giro queste schede soffrono meno del problema sopra citato. Vi consiglio di vedere che tipo di memorie avete appena installata la scheda.* Consiglio inoltre di installare i driver da cd prima di quelli da web. Lo so che solitamente va fatto il contrario, ma con quelli da cd io non ho avuto problemi. Dopo qualche settimana ho installato quelli da web.La scheda si mantiene in idle sui 34° gradi (di inverno, qualche grado in più durante l'estate). Delle ottime temperature grazie anche alle tre ventole.Parlando di queste ultime mi aspettavo qualcosa di meglio in termini di rumorosità. E' questo il principale motivo delle 4 stelle. Praticamente, usando MSI Afterburner, impostando la percentuale della velocità delle ventole al 40% già si comincia a sentire il rumore come di phon. Non parliamone al 60-80%. Se però impostiamo una buona curva termica riusciamo a tenere la scheda sotto controllo in modo efficace.Dopo quasi un anno di utilizzo mi ritengo soddisfatto dell'acquisto. Non ho avuto modo di provare la funzione del doppio-bios.Una buona scheda per il prezzo che ho speso (264 di euro), un po' meno per il prezzo proposto nel momento in cui scrivo (330 euro)."
"Maledettamente bella e cattiva, da amare o da odiare !!!","Dario F.","Italia","9 luglio 2014",5,"Ottima vga, montata su una piattaforma che, ahimè, sicuramente non le rende onore (A8-3850... :-(  ) fa comunque veramente la differenza... Watch Dogs in ultra (ombre in alto) non dico perfetto ma con minimi stuttering.Anche l'occhio vuole la sua parte e per noi ""un po' fissati"" vederla con il suo logo laterale ""SAPPHIRE"" illuminato, i leds controllo temperatura accesi e il tastino bios UEFI in blu la fa sembrare davvero viva :-).Veramente silenziosa e discreta in idle ... non appena ""diamo un po di gas"", le ventole e il calore ci avvertono prontamente della sua presenza (non dimentichiamoci che il modello è assimilabile ad un motore ""truccato"" di fabbrica).Indispensabili quindi un cabinet adeguato sia in temini di lunghezza scheda (ben 308 mm) che in termini di ventilazione/dissipazione."
"un mostro...","Andrea Braglia","Italia","16 giugno 2014",5,"Premetto che non voglio fare overclock ma ho comunque ho optato per questa scheda poichè volevo essere a posto con la configurazione per un po di tempo, le configurazioni e i settaggi non mancano.Per i miei standard non è nemmeno rumorosa nonostante le 3 ventole e relativamente fresca, almeno guardando le temperature interne, merito anche di una buona ventilazione s'intende...il solo neo è la sua lunghezza che obbliga ad acquistare un case relativamente modulare e che consenta queste sue mostruose dimensioni...io ho un CM STORM ENFORCER e al suo interno calza a pennello....con un discreto impatto visivo...poichè anche a vedersi è bella..consigliata!"
"Ottima scheda video","Carrero Blanco","Italia","14 luglio 2014",5,"Come creare una 280x Toxic : Prendi una 280x ,overcloccala di fabrica e mettici un maggiore margine di overclock , metti un dissipatore fenomenale e vendila a un prezzo concorrenziale. Ecco , ciò che ha fatto Sapphire , parlando della scheda è OTTIMA , Crysis 3 , Battlefield 4 e Watch Dogs tutto ad ultra mai sceso sotto i 50 fps con tutti i filtri attivati, non ha niente da invidiare alle cugine GTX di casa NVIDIA. Più potente di una 770 se overcloccata si avvicina alla 780 (che resta sempre nettamente migliore). Dimensioni generose ma entra in un qualsiasi MID Tower da gaming , del resto un dissipatore così performante deve avere anche la sua grandezza. Ottima già di stock per ottenere il massimo delle funzioni l'overclock è d'obbligo , basta infatti scaricare il Software di Sapphire Trixx , seguire una stupidissima guida online ed il gioco e fatto , avrete una bestiolina che farà girare qualsiasi gioco e qualsiasi programma di editig e grafica. Consigliatissima , un prezzo onesto è di 250/260 euro. Brava AMD e brava Sapphire , una scheda così ci voleva proprio."
"Che lavori....","Fabio","Italia","9 luglio 2014",5,"Non entro nello specifico tecnico anche perché ci sono parecchie recensioni che lo fanno, e da quel punto di vista è un mostro, una vera forza della natura, puoi fare tutto quello che ti passa per la testa con una sceda del genere anche con un gran bel monitor tutto in HD senza andare a spendere le cifre stratosferiche delle altre poche schede migliori di questa. Fate solo attenzione all'alimentazione, io ho un 650W e posso anche permettermi di overcloccarla un pelo, ma di meno non ve lo consiglio.. se poi avete più hd, ho devine di porte usb collegate o un processore che consuma ...è il minimo indispensabile un 650W.Con un buon setting del software della tri-x ""TWEAK UTILITY TRIXX"" non la si sente e non l'ho mai vista superare i 70/72 gradiBravi AMD e ancora meglio Sapphire !!"
"Fantastisco","Daniele","Italia","9 febbraio 2021",5,"Scheda video di fascia media che ha lavorato perfettamente dando il meglio di se. Ovviamente non più al pari delle nuove schede avanti anni luce ma tuttora riesce a reggere dignitosamente in full hd."
"Una scheda video eccezionale","luca_strongame","Italia","18 aprile 2014",5,"Ci ho messo un po' a scegliere. Ero indeciso su questa, la tri x o la r9 290, sempre Sapphire. Ho optato per questa per due semplici motivi: 1) il costo e 2) le prestazioni.Test:Tomb Raider, a risoluzione full hd e impostazioni grafiche ultra (con tress fx attivato), raggiunge i 60 fps. Per me un bel passo avanti (provenivo da una dolorosa esperienza con la Sapphire 7770 vapor x).Crysis 3, full hd, settaggi grafici massimi, antialiasing smaa, fps ragguardevoli (ma non evidenziabili per mancanza di benchmark).Pro:si tratta di una scheda video performante, che da' soddisfazioni...Contro....a patto di avere un case bello grande (la scheda è davvero lunga), oltre ad un alimentatore come si deve (non meno di 750 w)."
"Tutto sommato va bene","Skrypnyk81","Italia","27 luglio 2015",4,"Ho comprato questa scheda perché costava 160€ nel negozio usato di Amazon. Belli prestazioni giocato a far cry4 tranquillo. è un po ingombrane, entrata nel mio case Bitfenix Neox. Usa due attacchi di alimentazione 8+8. Il mio alimentatore Seasonic 550wt gold+ regge bene. Ottimo gestione delle ventole.NON INSTALLATE IL SOFTWARE STRIXX di Sapphire mi facevo lavorare la scheda al 85% in idle quando collegato a internet, sembra che si usava la carta per bitcoin mining.Tutto sommato sono contento.pe"
"Ottima Scheda Video","Alex Riggio","Italia","30 settembre 2014",5,"Permette tranquillamente di maxare tutto a risoluzione FHD, anche se bisogna fare attenzione all'uso dei filtri. Consigliatissima, sperando che i prezzi scendano, visto le nuove uscite nVidia e le prossime AMD. Occhio all'alimentatore che usate, in quanto comunque consuma abbastanza, mediamente 250w, con picchi fino ai 280w."
"Silenziosa","pasqual marco","Italia","16 marzo 2014",5,"Avevo letto di alcune recensioni dove parlavano di eccessiva rumorosità della scheda sotto sforzo.  Beh con BF4 Call of duty ghost  e Thief io ancora non l ho sentita e considerate che ho un impianto a liquido quindi non ci sono altre ventole oltre quelle della scheda video.  Fantastica non c'è che dire."
"I like it","Rupel","Italia","25 ottobre 2015",4,"Beh, immagino non è facile lasciare commenti ai componenti del pc senza sapere per certo che sarà compatibile con il computer, ma ho fatto il mio dovere e la studio prima ho comprato. Ho avuto alcune complicazioni e le incompatibilità all'inizio. Ma c'era un aggiornamento per il mio tipo di scheda madre e ora il suo meglio. State attenti"
"Difettosa, rimandata indietro","Giovanni Sistarelli","Italia","5 marzo 2015",1,"L' ho comprata usata e la scheda presentava dei difetti:sfarfallamento, parti di schermo diventavano ""a pixel + grossi sfarfallando"", in più i driver crashavano (provato con 4 versioni differenti di driver con 3 sistemi operativi differenti (windows 7, windows 8 e windows xp... nessuno di questi andava))Questi fenomeni succedevano con un uso normale e non intenso della scheda"
"Ottimo prodotto","Stefano G MO","Italia","29 maggio 2014",4,"La scheda va davvero bene, sto giocando BF4 con dettagli al massimo. Unico problema, quando si mette sotto stress, le ventole si sentono abbastanza, ma le temperature rimangono a valori accettabili; per applicazioni o giochi meno esigenti, non si sente nemmeno. Ottimo acquisto, col servizio impeccabile di Amazon."
"r9280x","Cliente Amazon","Italia","30 giugno 2016",4,"Il prodotto è funzionale e nella scatola c'è tutto. Ma non è possibile proporlo ""come nuovo"", non si può regalare dato che la scatola è usurata( tutta graffiata ) e il dissipatore della scheda ha un'aletta piegata...spedizione ok con sempre!"
"Performance da R9 290X","crislink","Italia","26 maggio 2014",4,"Poco da dire, le performance di questa r9 280x tiratissima seppur tranquilla in fase stand-by equivalgono quasi alla sorella maggiore che costa quasi 200 euro in più. Bundle un pò magro."
"una bomba!!","Marco Ferretti","Italia","9 novembre 2014",5,"Perfetta, molto bella esteticamente. mai avuto un problema le ventole raffreddano molto bene . ATTENZIONE perchè è veramente grossa e serve un case capiente. Consigliata al 100%"
"Ottima","Michele Roncarati","Italia","25 giugno 2014",5,"Il pacco arrivato intatto e in anticipo ed è prodotto ottimo, dalle elevate prestazioni. Anche i titoli più recenti girano fluidi ad impostazioni massime. L'unica pecca per alcuni potrebbe essere l'elevato consumo (non eccessivo, ma non trascurabile)."
"Perfetta","Fabio","Italia","9 marzo 2017",5,"Dopo 2 dall'acquisto funziona ancora perfettamente, mai avuto un problema e ancora regge senza problema gli ultimi giochi, davvero soddisfatto"
"che toxic","salvatore russo","Italia","31 maggio 2014",5,"Ottima strabiliante una bomba per giocare in full hd con dettagli ultra non ho rilevato problemi contentissimo del prodotto la consiglio"
"epica !","roberto","Italia","24 luglio 2014",5,"Scheda grafica di potenza biblica battlefield 4 on line tutto ad ultr e filtritutti al massimo mai sotto i 40 fps anche nelle azioni on line più concitate"
"bella e prestante","michele","Italia","21 aprile 2014",5,"davvero una bella vga sia dal lato estetico che prestazionale,simpatico anche il led illuminato di giallo sapphire,che dire...anche in game gli fps soddisfano........"
"Scheda ottima per giocatori incalliti","Giorgio","Italia","6 luglio 2014",5,"Ottima scheda, silenziosa, da grandi soddisfazioni. Attenzione perché è enorme e non tutti i case la supportano. É arrivata il giorno dopo l'ordine.  Più di così...."
"Scheda fantastica","Lucia","Italia","9 luglio 2014",5,"La scheda è OK, sono un giocatore non troppo spinto e la scheda mi fa girare giochi che non riusciva la precedente Powercolor HD 6970.Il servizio di Amazon è impeccabile come sempre."
"Ottima!","Matteo","Italia","20 novembre 2014",5,"Ottimo rapporto qualità prezzo!Molto Performante e Fredda!Penso che se farò un update in futuro, prima di spendere un capitale con le schede nuove faccio un bel CrossFire!!"
"una bomba","simon","Italia","6 maggio 2014",5,"Una vera bomba. Qualità prezzo veramente buoni. La fattura è ottima come le prestazioni. Unica pecca le dimensioni generose (31cm)."
"FANTASTICA","Bla bla bla","Italia","11 aprile 2014",5,"Scheda a dir poco fantastica, ottimo rapporto qualità prezzo, in idle silenziosissima, ma quando inizia a lavorare si sente e come...Temperature nella media, dopo 2 ore di Far Cry(tutto ad ultra) arriva a 60 gradi circa, in idle le temperature sono stabili a circa 30 gradi anche qualcosa in meno, avendo settato le ventole in quiet mode da programma corsair link.Mi ritengo molto soddisfatto, prima avevo una hd7770 sempre sapphire che iniziava ad arrancare.Come alimentazione richiede 2 attacchi da 8 pin pci-e, se il vostro alimentatore non ha il secondo collegamento, in confezione troverete un pratico adattatore per sfruttare gli attacchi molex.Per una maggiore chiarezza di seguito inserisco il resto della mia configurazione:amd fx8350, asus crosshair V formula Z, 8gb di ram, ali 700w modulare, case arc midi r2."
"Impressionante","GP","Italia","20 luglio 2014",5,"Sarà che vengo da una HD4870 1GB ma sono veramente rimasto stupito da 3 cose : prestazioni, silenziosità, consumo energetico.La scheda esegue un enorme downclock in idld riducendo i consumi livelli ridicoli, le 3 ventole fanno si che anche giocando a giochi molti esigenti per svariate ore (Watch Dogs, Crysis 3 ecc..) non si senta quasi il rumore e la scheda rimanga molto fresca.Come rapporto qualità prezzo non credo ci sia nulla di meglio!"
"Bella potente e veloce.","KiwiVda","Italia","22 luglio 2014",5,"Ottima per pc gaming con cpu non troppo potente, la scheda genera un carico di lavoro cpu modesto ed consigliata per gaming fino a 1080p 60fps con pochissimi compromessi.Il dissipatore è molto efficiente, la sezione di alimentazione altrettanto. Quanto di meglio da una 280x."
"Meglio la vapor-x","Giovanni P.","Italia","9 aprile 2014",3,"Una delle tre ventole mi si è bloccata dopo solo 2 mesi di utilizzo. L'altra Sapphire 280x che possiedo è una vapor-x: molto più silenziosa, e non noto particolari differenze di prestazioni tra le due schede.Ottimo servizio post-vendita Amazon"
"ottima ma la sfiga a quanto pare prevale","Edoardo Ossorio","Italia","30 giugno 2014",3,"ottima scheda dato il prezzo ma dopo 15 giorni esatti di utilizzo la prima ventola ha cominciato a fare un rumore come se non fosse ben bilanciata e di conseguenza ne esce un ronzio modi mosca abbastanza snervante  sto prendendo in considerazione un rma sperando che arrivi messa meglio l'altra asd"
"Potente ma...","Roberto","Italia","10 luglio 2014",4,"La scheda è potente, riesce a far girare tutto ai massimi dettagli.Attenzione alle dimensioni, veramente imponente.L'unica cosa che mi ha lasciato un pò perplesso è la silenziosità, è rumorosa, mentre si gioca si fa sentire tutta.La consiglio a tutti, tranne a chi desidera un pc silenzioso, non fa per voi."
"Soddisfatto, grande rapidità spedizione","Luca Marinelli","Italia","9 luglio 2014",5,"Rapporto qualita-prezzo assolutamente elevato, seconda solo alla 290 da questo punto di vista, secondo me. Esteticamente bellissima, anche se molto lunga, occhio al case! Nota di riguardo per la velocità di amazon: acquisto eseguito lunedì, il mercoledì era già a casa. Straordinari."
"Ottimo Acquisto","Vincenzo","Italia","10 gennaio 2014",5,"Scheda davvero potente, ottimo rapporto prezzo prestazioni. Ottima anche la longevità. Riesce senz problemi a gestire i giochi attuali con l'applicazione dei filtri e degli effetti."
"Tanta potenza!","Andrea","Italia","24 dicembre 2013",4,"Ho questa VGA da ormai un mese e non potrei esserne più soddisfatto.Per chi come me, non ha il portafoglio largo abbastanza per una 290/x o una 780ti, questa VGA rappresenta il degno compromesso fra prestazioni di primissimo livello e risparmio economico (prenotata a ottobre a 290 €).Provata con molti giochi e il livello grafico è veramente alto.In full il sistema di dissipazione Tri-X  fa un po' di rumore, ma niente di che."
"Ottimo prodotto","Luigi Ranzato","Italia","27 gennaio 2014",5,"E' una scheda enorme!Non posso fare altro che sottolineare l'eccellente qualità del prodotto che conferma in pieno le sue caratteristiche di potenza e stabilità. Mi raccomando, vi serve un buon alimentatore di potenza adeguata; ognuna di queste schede si ""fuma"" circa 350WAmazon .... perfetta.ciao"
"Fregatura.....","beniamix","Italia","31 gennaio 2015",1,"Presa usata , non con la dicitura , ottimo stato , ma ""come nuova"" ,ma un articolo per classificarlo così non dovrebbe essere testato ?infatti e stata testata talmente bene , che il computer non si avviava neppure......."
"Veramente Eccezionale","Federico Martorelli","Italia","2 febbraio 2014",5,"Pacco per fortuna arrivato prima del previsto pur essendo esaurito al momento dell'acquisto. Confezione perfetta e prodotto integro. Unica cosa, al momento che ho aperto la scatola ho trovato tutti le buste aperte con tutta la cavettistica sparsa per la scatola, per fortuna non mancava nulla, ma essendo un prodotto venduto nuovo sono rimasto spiazzato......comunque , per fortuna tutto funziona nel mio nuovo PC e devo dire che è fenomenale!! Costi contenuti e prestazioni elevatissime !! Consigliatissima come VGA ! Una note per Amazon, fate attenzione ai pacchi che inviate perchè se trovate clienti molto suscettibili potrebbe fare il diavolo a 4 !!"
"5 stelle :)","Roberto","Italia","3 luglio 2014",5,"Ottima scheda qualità prezzo.  La toxic ha 3 ventole di raffreddamento e overcloccata di fabbrica.  Oltre a questo ha é l'unica 280x ad avere un overvolt di 1.3 che la rende ancora più overcloccabile. Le altre devo essere alzate da programmi come msi afterburner o modifiche via bios,  pratiche non consone ad un utente medio.5 stelle secche: per me é un Best BuyPoi con prime arriva in 2,3 giorni !"
"X MC...","Phantom","Italia","6 gennaio 2014",5,"Vero che la 290 è superiore ma dire che va quanto una gtx 770 mi sembra riduttivo...Questa scheda va molto più di una 770 e se overcloccata se la gioca con la 780...Per la precisione normalmente è tra la 770 e la 780. La toxic è nettamente la più prestante tra tutte le 280x.Ecco le prove: [ ... ]Per consumi assicuratevi un alimentatore da almeno 650w. Io ne ho preso 1 da 750w per andare largo.Per il prezzo credo che 300 euro sia il giusto, oltre si può trovare la 290 reference anche se da aggiungere un dissipatore aftermarket (quello di serie è un asciugacapelli)."
"fantastica","stefanopallaro","Italia","27 ottobre 2013",5,"tra 4 giorni mi arriva scheda fantastica ottima sta a livello della nvidea gtx 770-780 supporta pienamente  in fullhd tutti i giochi sarebbe più appropriatogiocare in ultrahd per sfruttarla a dovere veramente promossa a pieni voti ricordola lunghezza 308mm abbastanza e il consumo in gioco 350w non 750w come indicato nelle caratteristiche! veramente un ottimo acquisto consiglio a tutti!"
"IL CODICE","Matteo V.","Italia","12 luglio 2014",5,"Ho comprato questa scheda, ma non mi è stato dato il codice per scaricare i 3 giochi gratis sul sito di AMD..."
"che rosicata...","diego","Italia","10 novembre 2013",4,"Pensare che poche settimane fa' era venduta sui 300 euro -.-... cmq un vero top di gamma che fa' concorrenza alle gtx 770 e si avvicina se overclockata a una 780..."
"ma come 380e ?","MC","Italia","14 novembre 2013",2,"che è successo? amazon ha dato del matto? la scheda stava a 295e peccato che non ho fatto qualche screen asd, bene io trovo la sapphire 290 allo stesso prezzo che è decisamente tutta un'altra scheda. A tutti quelli che passano da 7950/7970 a questa scheda, fanno un grossissimo errore, meglio prendere next-gen 290/gtx780 lo sono.ps. 290x a 465e <3 sbavAGGIORNATO: Gennaio 2014edit: ecco che amazon la rimette a 300€ peccato che abbia già preso una 290 che poi ho portato a 290x allo stesso prezzo, con i 60€ di dissi accelero iii...La vedo sempre fuori mercato una scheda così è superata da una gtx770 che sta allo stesso o quasi prezzo, sinceramente mi aspettavo prezzi migliori su questa scheda amd.Hai lavorato bene con 270X (anche se con poco si prende la 760..) e con 290 (poi se è sbloccabile come la mia vai in effervescenza ;Q)..Consiglio a tutti prendere una 290 custom, magari sempre tossica che non fà mai ""male""!Per i fanboyUn utente amd (processore in uso attualmente 1090t scheda video precedente 6950 attuale 290@290X)Saluti amazon sei un gran venditore ;D"
"Pretty great with 1 issue","Haroshi","Regno Unito","20 agosto 2016",4,"Build and performance wise this GPU is great. I don't overclock manually anymore as I fried my previous GPU doing so, so I went for this card that has a fairly high default overclock anyway.Dimensions wise I probably wouldn't recommend it for someone building in a small form factor case as it's very long. I have this in a Bitfenix Prodigy ITX and the end of the card is literally 2mm from the front of the case.I'm giving this 4 stars as I have had a reoccurring issue with one of the fans that happens a few times a month. The two fans on the right are connected to one fan port on the card with a splitter cable, while the left one has its own connection. This left fan occasionally ramps up to 100% speed at random times even under low GPU loads. Weirdly when this happens i've managed to fix it by poking the fan cable further back inside the shroud as it normally sits pressed right up against the shroud and the body of the card very tightly. I'm guessing the issue may be due to a faulty connection caused by this.Apart from that though this card has served me well. Gives great performance and cools well."
"Insane card!!!","Rumneek Kainth","Regno Unito","30 gennaio 2014",5,"This card is one hell of a beast, the length is pretty big too so make sure your case an hold it measures up to i think 30cm long im running this in my corsair obsidian 350D mATX case so i know mATX cases can hold this card running this with metro last light everything bumped up to very high but anti aliasing turned off was getting 80-90 fps on gameplay an over 100 fps in cut scenes this card can get abit hot the max temp it topped off at was at 75 degrees Celsius when i was playing crysis 1 everything on ultra and on 1080p was still getting 70-80 fps on game play. the card runns quiet until it stars hitting high number for temp but even then is doest get too loud. i haven't tried overclocking but might do later on. all in all this card is fantastic but at the moment the pricing for this seems ridiculous grabbed this then it was at £290 was soo much of a better deal. would highly recommed this card to anyone who is building a rig for serious gaming. Fantastic performance and amazing asthetics what more could you want from a graphics card"
"Mountains of power.","Matthew H.","Regno Unito","16 aprile 2014",5,"This card is BIG! It measures just over 12 inches long and sags a little in the PCI-express slot, it is also relatively heavy and possibly one of the largest cards I have ever seen. All for good reason however, this card is a powerhouse. Running a benchmark with PerformanceTest this card scored a whopping 6137 in 3D Graphics, this is alongside an over-clocked FX-8350.It will run any game you throw at it on high settings at 1080p, I shouldn't imagine it would struggle at all with 1440p either. This card would perhaps be a good contender for entry level 4K experiences, though I don't have a 4K monitor to test. Just be weary of the power consumption, it will easily guzzle the rated 250W so you will definitely need at least a 600W PSU with at least 35A on the 12V rail (don't go by just the wattage)."
"Just what I wanted","Mr. Adam J. Gibbons","Regno Unito","9 agosto 2014",5,"I paid over the odds for this card when it first came out but to me its worth every penny. It plays everything I've thrown at it at maximum/ultra settings. There are a few demanding games I bumped the settings down a bit to improve the FPS as it can really irritate me. However the first and main game I played (BF4) on multiplayer with ultra settings it was as smooth as butter and I was very impressed. The only downside I would say is that the fans are loud and it can heat my room up pretty good but for the performance and pleasure of the graphics it gives me I cannot knock a star off."
"Very powerful. Handles 1440p easily.","RealSpooky22","Regno Unito","6 gennaio 2015",5,"It's not particularly cheap (mine was just shy of £300) but it was well worth it. It's enormous, so make sure you have the clearance to actually fit this in your PC. Fits comfortably in my full tower (~2.5 inches between the drive bays and end of card), not sure if it'd fit in a mid though. Takes up 2 PCI-E slots (one is simply covered by the cooling solution) so bear that in mind if you have limited access to these. Looks super rad through the window, with the yellow LED logo, and the yellow LED temperature indicators are a nice touch.Performance-wise, it's awesome. I have quite low ambient temperatures (10-15 degrees Celsius), and it's able to run games on max without getting too hot, mainly due to the cooling system Sapphire slapped onto this beast. Please note, I do not have any hard FPS statistics for these, but they were very playable.- 75 Celsius running Crysis 3, 1080p max everything, and gameplay was very smooth.- 65 Celsius playing The Evil Within, 1080p, max everything, 60fps framelock, no letterboxing. Very fluid.- Lords of the Fallen, all max etc, ran about 70 degrees.- Bioshock Infinite and Alien: Isolation stayed below 65...You get the picture. It runs cool, and will run any new/coming game at max at 1080p. Disable any Nvidia effects (ie. PhysX or Turbulence) before playing a game, as it's not an Nvidia card.The cooling solution is enormous, but it isn't loud. The fans at 60% speed (manually set) aren't much louder than my case fans on their slow setting. Chances are, you'll have your case fans on full blast when using this intensively, so you won't even hear the card over that.As far as overclocking goes I've heard these cards can get to 1700Mhz Memory/1250MHz Core clocks, but mine only stably reached 1675MHz Memory/1190MHz Core. Performance gain was questionable, but the card could probably be pushed further by upping voltages slightly, though I wasn't willing to try that. Then again, the card already does what it needs to, and then some, so there's not really much need unless you really need every extra FPS your machine can give.Overall: Bit pricey, but well worth it if you're looking for a single graphics card to keep you rolling in Ultra High quality textures for a while.UPDATE:Recently got a 2K monitor and started using SweetFX on all my games.- Lords Of The Fallen (All ultra, except textures High and AA 8x) runs at an average of 35FPS.- Bioshock Infinite (All ultra/max) runs at 60FPS 90% of the time, have never seen it dip below 30FPS either.- Shadow of Mordor (All ultra, High textures) averaged 45FPS.- Mirror's Edge (All ultra/max) ran at 60FPS easily, never broke 65 degrees.Overall, no noticeable temperature increase (maybe 5 degrees maximum)between 1440p and 1080p. I'm saying that it's very, very capable of handling whatever you throw at it."
"Great performance and zero issues","Bzlom","Regno Unito","1 maggio 2014",5,"I have to say that I am an AMD Radeon fan, I always enjoyed the Radeons more than Nvidia cards. With that out of the way, I read a lot of user feedbacks before buying the card - and apparently the 280 row of Radeon videocards has some nasty screen refresh issue when you are simply browsing - in other words when the videocard is mostly passive.I am happy to say that I don't have this issue - maybe I was lucky or maybe the guys that were reporting the issues were trying to overclock the card even further, maybe AMD released new drivers and VBIOS firmware that fixed the issue. I don't know - but I don't have any issues.I have of course tested it with the game I bought it for - Battlefield 4. Every setting on Ultra and no issues whatsoever.I am really happy with this beast and just can't get enough of it."
"absolutely incredible !!!","Maria B.","Regno Unito","8 luglio 2014",5,"This cards is a huge beast !!! I play every game on ULTRA without any lag even multiplayer ! No any noise super quiet.The size is 33cm,thats a bit big,but....the perfomance is stunning !!! You guys need at MIN 750W PSU,doesnt work with 700W i tried !!!Battlefield 3 ULTRA:MIN 45PFS MAX 220Battlefield 4 Ultra:min 38 MAX 180GTA 4 ULTRA:min 60 max around 200+SPECS:FX6300 3.5Ghz Turbo 4.3Ghz6GB OCZ Gaming ram gold edition"
"get it","N M","Regno Unito","22 maggio 2014",5,"this replaced my 6870 which is a card I loved, this is the perfect replacement, granted a little more than the 6870 was but its one of those perfect cards**by perfect i mean its perfect for the overclocker, the tinkerer, the person who likes to keep thins cool and makes a game out of (you know the guy with 6+ fans 4 of which are making a turbine on his radiator just to see what happens) I also would only recommend if you have a LARGE case with a window i have the corsair carbide cube doodad and there is only about an inch of clearing (if you think thats a lot google my case) all in all the perfect card as of 22/05/2014 for someone with a fair bit of money  but not r9 295x money"
"CAUTION: Don't discount negatives about this card!","DoktorPower","Regno Unito","29 giugno 2014",2,"EDIT:I have returned this card as it had Texel truncation errors in the VRAM.I've also heard that this is a common problem with these cards as the sink plate doesn't fully contact the Ram nodes.I've given two stars as absolutely everything else about this card was fantastic, the build quality was awesome, it looked nice there was even an LED logo on the side that lit up, and whilst it worked it was immensely powerful, unfortunately the same cannot be said about the reliability."
"This is a good graphics card","Mr. R. E. Candeias","Regno Unito","23 febbraio 2014",4,"This is a good graphics card very robust and works well under pressure, not got my five star as is quite noisy when working at full load....the manufacturers should ensure a silent operation even at full load.Also I feel is a little too long as a card, had to remove certain things from inside the computer case to be able to fit it (midi atx)"
"Amazing.","Rylan","Regno Unito","17 gennaio 2014",5,"This card is a beast. The performance is spectacular. So far it has run everything I throw at it. The TriXXX fans keep the card very well cooled. I'm really happy with the cards over all performance. I will say, this card is gigantic. So be wary of that if you are looking into this card and are looking at small form factor gaming PC's, or you don't have a removable HDD cage in your case. At the time when I purchased this card, it was definitely the best performance to price ratio card on the market.Summary: If you are looking for a gigantic powerhouse of a card that can run all the modern titles with ease, I would highly recommend this card."
"So left with no computer to use for gaming it was a great card up until the point the fan detached","Amazon Customer","Regno Unito","8 gennaio 2016",1,"One of the fans has become detached and having a nightmare trying to find out how to get it repaired i cant return it to Amazon under there 30 day return policy and there is no option under warranty repair. So left with no computer to use for gaming it was a great card up until the point the fan detached."
"Fast and quiet","M. Anderson","Regno Unito","26 luglio 2014",5,"Windows experience went up the maximum 7.9 for video after I installed this. It's nice and quiet too compared to the 2 cards I had in Crossfire before."
"What a Beast!","shaks","Regno Unito","13 agosto 2015",4,"Only gave it 4 stars due to its weight. It's ridiculously heavy!Works great and can handle anything you throw at it"
"very pleased.","Bryan Stewart","Regno Unito","9 settembre 2017",5,"Still performing well after two years."
"Card idles at 94% activity and never goes below 72c ...","Ebmurray","Regno Unito","4 luglio 2014",2,"Card idles at 94% activity and never goes below 72c.shows artifacts in every game and blue screens me on other ones.probably a faulty card, but I've heard a lot of negative feedback about the 280x series due to the same chip as the hd 7900 series.I'm sending it back to try my luck with a 290x"
"AMAZING!!!","ryan","Regno Unito","26 agosto 2014",5,"I bought this gpu for my first ever build. I worked great it can run most games on highest settings. I have yet to experience lag with this card. Got great scores on Mark3d. Also looks great for anyone with a theme on there build.5/5"
"Superb!!!","PerspexPC","Regno Unito","18 gennaio 2014",5,"Superb card!! No lag on any of the latest games I've played so far!This thing is huge so make sure you have the room , Incase anybody is wondering it does fit in the cooler master 130/120 mini itx case"
"Great Card","Anthony Kelly","Regno Unito","16 giugno 2014",5,"This graphics card is worth the money and the best one available at this price, runs all the latest games on max without any problems.Be sure you have enough room in your case, I have the NZXT H440 and it fits fine if anyone need to information."
"GPU review","mikemack","Regno Unito","7 agosto 2014",5,"Great card installed to my machine with ease very good performance in face I can confirm battlefield 4 playing on ultra is stable at 60-90 fps with aa on at 1080p my CPU is a fx8350 with 12GB ram will be happy to answer any questions about this gpu"
"Fantastic Power for your Money","Aiden Skelley","Regno Unito","14 gennaio 2014",5,"Fantastic GPU, runs everything perfectly on max settings- aside from a few games such as EVE online, which can only run on medium anti aliasing, everything else is max! It can run at absolute max but it drops below a comfortable frame rate I find"
"Five Stars","Stefanos","Regno Unito","26 settembre 2014",5,"very good gpu for the money u pay and also its very quit.."
"Excellent price","JML Davis","Regno Unito","17 gennaio 2014",5,"Managed to snag this for £230... bargain! Runs cool, super fast! Quite a long card though, so make sure you have space!"
"Hammer Karte!","Thomas Reiter-Krexner","Germania","11 marzo 2015",5,"Also ich habe obwohl manche behaupten die Karte sei nicht sooo gut. und andere schreiben als Amazon Warehouse Deal nicht zu gebrauchen diese Karte als Warehousedeal gekauft.Im Einzel Einsatz wird die Karte in meinem Tower mit 6 Gehäuselüfter ca 71° warm. Bei einer recht ordentlichen Lautstärke. Sie ist nicht gerade Leise. Aber die Leistung ist einfach nur Saugeil. Ich habe kein Flackern oder Artefakte was hier manche schreiben. Was ja anscheinend jede Karte haben soll.Nun zu meinem PC: Ich habe einen Thermaltake Core V71 Tower mit 5x 140mm Bequiet und 1x 120mm Bequiet Lüftern. Sowie einen Intel Xeon E3 1231V3 Prozessor was von einem Dark Rock Pro 3 gekühlt wird. Das ganze auf einem Gigabyte Z97X Gaming 7 Mainboard und nun kommts im Crossfire mit meiner Sapphire R9 280X Dual-X OC.Alles rennt sehr gut. Mein CPU geht unter last auf Maximal 55° meine anderen Temps belaufen sich auf unter 50°(Chipsatz) In spielen wird die Dual X karte 55-60° warm und die Toxic wird wie sonst auch 71-75°. Mit einem selbstgebauten Luftkanal schaffe ich es die Toxic auf 69° zu bringen.Zur Lautstärke um diese in den Griff zu bekommen habe ich mit Trixx im Idle 30% Lüfterleistung und der Dreht dann rauf bis 50-60% was ich noch als aushaltbar halte, obwohl sie meistens um die 50% dreht und dabei 67-75° in games heiss wird. also noch genug luft.Ich persönlich kann die Karte nur empfehlen wenn die Stromversorgung passt.Als anhaltspunkt habe ich mal mein Watt gerät angeschlossen.Wenn die Toxic nicht eingebaut ist. habe ich im Idle 58watt und unter Last 277 watt was mein Rechner aus der Steckdose zieht.Mit beiden Karten habe ich im idle 58-60 watt. Und unter Last schwankt dieser wert zwischen 300-650watt jenachdem wieviel Ausgelastet wird.Als Netzteil benutze ich ein Enermax Revolution87+ 1000Wattt. Da dieses auch wenn es nur zu 10% ausgelastet wird eine 85%ige effizienz hat.Hoffe paar Leute können was mit meiner rezension anfangen.Achja achtet auf die Länge der Karte, denn diese ist um Gute 2-3 CM Länger als meine Dual X."
"Muy contendo al principio y al de una semana zas!!!","Hyosung","Spagna","25 gennaio 2014",1,"Viernes 24 de eneroAun a pesar de haber tenido malas experiencias con otros modelos de Saphire, decir que de momento estoy muy contento con la calidad de acabado y el rendimiento ofrecido por esta tarjeta.Si bien es cierto que ha sustituido a una GTX 770, comentar que ofrece un rendimiento un 2-5% inferior al citado modelo de Nvidia, sobre todo en benchmarks... en juegos en algunos va mejor y en otros peor, de este modo el League of legends se ve muchisimo mas definido y con un mejor contraste y por el contrario en el Assassins Creed Black Flag, sufre de bajones de frames y de una estela extraña al ponerlo todo en ULTRA (imagino estara optimizado para nvidia).BF4 por ejemplo se ve mejor en la 280x, mayor tasa de frames y casi ningun bajo en el rendimiento, cosa que con la 770 si que pasaba.Aun asi el rendimiento de ambas tarjetas es casi identico... unos estan optimizados para amd y otros para nvidia... al fin y al cabo para gustos los colores ;)La tarjeta pasando programas para testearla se queda en 75º de temperatura maxima, con los ventiladores en modo automatico en un 60% aproximadamente, si fuerzas los ventiladores en modo manual no baja una barbaridad, se queda en unos 68-70º, totalmente contento en esto, aun asi la 770 era infinitamente mas fresca.Comentar trae 2 conectores 6+2 PCIE, asi que mirad la fuente si tiene esos conectores, aun asi trae adaptadores para conectarla directamente a la fuente de alimentacion, cosa que por cierto deberia dar en el rail de +12V unos 50a minimo para no tener problemas de suministro electrico.Por lo demas nada mas que destacar, hice el cambio de la GTX a esta debido a unos ruidos electricos extraños a la hora de jugar y por el futuro ""mantle"", de momento contento, el rendimiento es muy similar por no decir identico en ambas tarjetas 770/280X asi que pillad la que mas rabia os de, ambas son explendidas tarjetas para jugar a 1080 con todos o casi todos los titulos en ULTRA a mas o menos 45-60 frames constantes (depende ya de la optimizacion de cada juego).Contras de la tarjeta, la longitud 31,5 cm y las nulas instrucciones que trae (trae un boton para alternar UEFI bios/normal pero no se con que fin... se supone que si vuestro pc tiene UEFI bios no haria falta pulsarlo... pero bueno, yo lo he pulsado y no hay diferencia... desconozco totalmente la finalidad de este boton... por lo demas, la tarjeta se ve robusta y trae un backplate muy chulo... eso si comentaros que con esta tarjeta la temperatura de la placa ha subido como 5º-itos... debido a la mayor temperatura que coge con respecto a la GTX 770, pero nada alarmante.Asi pues, compreis la que compreis, con ambas estareis totalmente satisfechos ;) eso si, no espereis muchisimo mejor rendimiento con respecto a las versiones ""normales"" de saphire, se supone que la version toxic viene con mejores disipadores y tal... pero poco mas, si podeis pillaros la version TRI-X y la oc al nivel de la TOXIC, y es la misma tarjeta.------------------------------------------------------------------------------------------------------------------------------------------------------------------------------------------------Miercoles 29 de eneroApenas una semana despues no puedo estar mas DESCONTENTO con el producto... han aparecido los tan temidos ""artifacts"" y parpadeos de texturas mientras juego... solicite otra unidad que enviaron rapidamente y fuimos a peor... en battlefield 4 los techos de los edificios inexistentes... en assassins creed medio barco desaparecia por arte de magia... un desastre vamos... lamentablemente me vuelvo a la GTX 770... y mira que estaba ilusionado con esta tarjeta pero menuda decepcion... esta claro que mi suerte con saphire no ha cambiado... anda que... :( al menos YO y por lo que me ha pasado DESACONSEJO su compra, aunque igual tienes suerte y no te da problemas la unidad que te llegue... digo yo que no todas van a darlos... suerte!!!"
"Die Grafikkarte ist Top! aber..","Dennis H","Germania","10 luglio 2015",5,"Leider nicht zu gebrauchen ausm WHDScheinbar wurde die Grafikkarte nicht auf Technische fehler überprüft und zeigt Bildfehler an die sich wie folgt äussern:Grafikkartentreiber stürzt im Ruhemodus (  im Nichts tun ) gerne mal ab. Online Filme sehen ist quasi kaum möglich da der Grafikchip scheinbar zu wenig beansprucht wird?! Klingt Komisch ist aber so. Ich tippe auf einen Chip - Defekt.Bei High - End Games alá Watch Dogs und BF4 garkeine Probleme.."
"karte vieleicht kaputt? Pc geht aus","Gianna melina arndt","Germania","4 luglio 2015",5,"guten tag,optisch sieht die karte ja richtig toll und hochwertig aus jetzt ist mein problem nach einbau hab ich 10 min gespielt dann ging der pc komplett aus und nicht mehr an erst nach 5 min startete er wieder.jetzt hab ich gelesen könnte am netzteil liegen da die karte ja 2x 8pin braucht und ich mit adapter von 6 auf 8pin gegangen bin und 1x8pin schon vorhanden war.vieleicht kann mir jemand tip geben.mein netzteil is Lc power 750w."
"Viel Power für das Geld","Michael Grie.","Germania","22 agosto 2014",5,"Habe die Karte von einem Warehousedeal. Passte gerade so in mein Midi Gehäuse. Ist bei anspruchsvollen Spiele nicht gerade flüsterleise aber im erträglichen Rahmen (Lüfter ca. 80% - drüber war sie noch nie). Bei diversen Benchmarks nie unter 30fps - keine Bildfehler und keine Microruckler. Alles in Allem eine sehr Gute Grafikkarte, die zwar nicht sehr leise ist aber auch nicht störend. 5 Sterne von mir"
"Meilleur rapport Qualité/Performance/Prix","Amine","Francia","18 gennaio 2014",5,"Elle fait tourner les récents jeux à 60 IPS Cte. Et elle continuera à le faire pendant au moins 2-3 ans.J'ai pu l'essayer sur:-Tomb Raider 60 IPS Cte en ULTRA sans broncher, couplé à un i5-4570. (En Ultimate elle galère un peu, 30-45 IPS max)-Battlefield 3 60 IPS Cte en ULTRA sur des Maps Multi à 64 Joueurs.-Chivalry: Medieval Warfare, Idem.-DotA 2, Idem.NB: Niveau sonore il faut s'attendre à un peu de bruit quand elle tourne a plein régime! A la ""limite"" de devoir porter un Casque sur Tomb Raider! Mais ça, c'est selon l'oreille de chacun!Bref, excellente carte graphique! Si vous n'avez pas les moyens de prendre une gamme au dessus chez Nvidia pour une consommation/bruit moindre, foncez!"
"Puissant, efficace et silencieux","Mickaël","Francia","2 aprile 2014",5,"Probablement la meilleure carte graphique R9 280X, n'importe quel jeu passe en qualité maxi sans problème.Attention cependant à la longueur de la carte, elle ne passe pas dans tous les boitiers, même ceux de taille ""normale"".Elle chauffe très peu, un peu bruyante en jeu mais ça reste raisonnable, et elle est jolie (ça fait de la lumière c'est beauuuuu!!!).Les branchements sont parfait pour mon utilisation, 2 écrans sur les prises DVI et ma TV sur la prise HDMI (avec un câble de 10m): tout marche nickel!Livraison dans les temps, pris record (minimum 30€ de moins que chez la concurrence): merci Amazon!!!"
"Super","Vincent Lauton","Francia","16 maggio 2015",5,"Bien présentée et décorée,reçu en parfait état.Marche à merveille et offre toutes les performances indiquées,ne surchauffe pas en utilisation intensive donc le refroidissement est adapter,bien silencieux à utilisation normale mais un peu bruyant à fond,mais c'est normal."
"Amazing","Adam C","Regno Unito","9 dicembre 2013",5,"what can I say about this card?I purchased this card to replace my old card which was a hd6950, so far i am not disappointed! I couldn't find the toxic 280x anywhere, all sites were sold out and then I managed to get one from amazon which made me so happy. I am so glad to have been able to get my hands on this card, so far I've thrown all my games at it and doesn't even struggle slightly. I used to play battlefield 3 on 720p high/ultra settings at about 30fps, put the toxic in and have everything up to the highest possible settings at 1080p and had to lock my fps at 60 as it shot through the roof.From what I've heard the card is the best 280x on the market which is why i wanted it, if you are thinking about getting the card then grab it when you can because you will not be disappointed. the card itself is really quiet and i can barely hear it in my case and not at all when playing a game, the card itself feels very solid and i didn't expect it to have a metal front to it. the back plate on the card it a very solid metal and makes the card feel so much more sturdy and it doesn't sag as much as cards without a back plate. the card has a light up sapphire logo which is green but i have heard changes depending on certain things but not 100% sure yet.overall i can't recommend this card enough, it does more than i expected and am so happy with it. it's a very solid built card and doesn't feel cheap at all, it comes well packaged and comes with a few extras (HDMI cable and other wires and adapters) i have nothing bad to say about the card other than it's huge, for me it's not problem as my case is big but even then i don't have too much room left. it would be a problem for people with small cases so make sure you know it will fit before buying or be prepared to make some modifications to your case.conclusion: the card is amazing and i would highly recommend, need a bit more time with it to overclock further and see what the temps are but it's looking really good."
"very good","Alex","Francia","22 settembre 2014",5,"very fast shipping, article in awsome conditions! very nice! very fast shipping, article in awsome conditions! very nice!!!!! thanks a lot"
"très bon","Adam Soulimani","Francia","16 aprile 2014",4,"Très bon rendement qualité /prix pour cette carte graphique . A conseiller vivement si vous êtes un gamer chercher du bon matériel"
"Extremely satisfied","Stefan Pop","Francia","31 marzo 2014",5,"Fast shipping, no issues working non stop since bought (mining).I highly recommend product and seller  both very good  !!!"
"eigentlich sehr gute Grafikkarte aber ...","chris","Germania","19 gennaio 2015",3,"Vorab: Es ist nicht zu empfehlen eine gebrauchte zu kaufen (wie schon einige geschrieben haben - aber ich wollte nicht hören).Zum Positiven:Schön Leise beim normalen Betrieb, gute Leistung bei Volllast und gute AnschlussmöglichkeitenZum Negativen:Die Pixelfehler (bei einigen Modellen)!Wenn diese Pixelfehler bei leistungsintensiven Prozessen auftreten würden, wäre es noch verständlich. Aber in Browseranwendungen (d.h. keine Grafiklast ) kommt es zu Pixelfehlern von ca. 3mm Größe in einem Bereich von ca. 5x5 cm (egal auf welchem Monitor - habe zwei angeschlossen und egal welcher Biosmodus). Sieht dann aus wie in Reportagen bei denen ein Gesicht verpixelt werden soll ...Nach einiger Zeit verschwinden die dann wieder, dann hat man Ruhe - und kommen dann wieder ...Habe lange überlegt ob ich es tolerieren kann, habe mich dann aber (auch in Anbetracht des Preises) dagegen entschieden und die Karte zurückgeschickt."
"Alles gut - immer noch","Andreas R.","Germania","8 luglio 2014",5,"Keine Artefakte.Keine Lautstärke.Kein Brummen.... Läuft!Karte eingebaut.. Angeschlossen 2x 8pin!Habe ein 750Watt Netzteil. Die Karte benötigt, 2x 150 Watt!!!Steuere die Karte mit 2 12V Kanälen vom Netzteil Bringen 525Watt!!So eine tolle Karte hatte ich noch nie... :-D ALLE Games. Laufen auf 1920x1080p auf ULTRA Settings.Update:Hab die Karte nun immer noch im Betrieb.. Aber mal 2.Nun geht auch Ultra HD ohne zu Murren bei Maximalen Settings..Übrigens kann es sein wenn sich jemand die Karte Gebraucht vor 2014 gekauft hatte einen alten Chip verbaut hatte.Die R9 280X wurde mit 2 Unterschiedlichen Chiptypen gebaut.. Und klamheimlich wurden die alten Chips durch die neuen ersetzt, diese neuen Chips gab es aber zum Release noch nicht.Alt:AMD Tahiti XTNeu:AMD Tahiti XTL"
"Carte graphique peu fiable","Client Amazon","Francia","15 agosto 2014",2,"Si vous hésitez dans votre achat, évitez cette carte graphique qui est trop overclockée et préférez la Sapphire R9 280X Vapor-X TRI-X OC (11221-12-40G) qui est bien plus récente et qui fonctionne beaucoup mieux (bruit, consommation, refroidissement). En plus, vous n'aurez pas d'artefacts à l'écran et vous obtiendrez des performances quasiment équivalentes.Sapphire R9 280X Toxic (modèle 11221-01-40G)Fréquence du chipset: 1100 MHzFréquence boostée: 1150 MHzOverclockée: OuiTaille mémoire vidéo: 3072 MoInterface mémoire: 384 bitsFréquence mémoire vidéo: 1600 MHz (6400 MHz effective)Type de mémoire: GDDR5Sapphire R9 280X Vapor-X TRI-X OC (modèle 11221-12-40G)Fréquence du chipset: 1000 MHzFréquence boostée: 1100 MHzOverclockée: OuiTaille mémoire vidéo: 3072 MoInterface mémoire: 384 bitsFréquence mémoire vidéo: 1500 MHz (6000 MHz effective)Type de mémoire: GDDR5"
"Hohe Leistung zum ""kleinen"" Preis","Daniel Grause","Germania","17 febbraio 2014",4,"EDIT:Nachdem ich nun meine dritte Karte über eine Woche im Einsatz habe, kann ich mich nicht beklagen. Sapphire scheint nachgebessert zu haben (oder ich hatte einfach mal Glück), denn ich kann nun das volle Potential der Grafikkarte ausschöpfen. Alles läuft auf den höchsten Einstellungen und das wird wohl auch noch ein paar Jahre so bleiben. Kann nun meine Empfehlung aussprechen!OLD:Schicke nun meine zweite Karte hiervon zurück nachdem die erste nicht einmal starten wollte und die zweite mit enormen Grafikfehlern und Abstürzen zu kämpfen hatte. Wenn sie funkionert ist sie extrem leistungsfähig, jedoch scheint Sapphire kaum eine Karte ohne Fehler fertigen zu können. Vom Produkt muss ich deshalb dringenst abraten.Die Abwicklung über Amazon kann ich aber wie immer bestens empfehlen. Sucht euch am besten eine ähnlich starke Karte und kauft sie hier. Damit werdet ihr sicher mehr Spaß haben.(Werde der Karte noch eine dritte Chance geben. Falls sie wieder nicht funktionieren sollte werde ich dies hier hinzufügen.)"
"potencial desaprovechado","Diego Álvarez Carracedo","Spagna","19 febbraio 2014",1,"Esta t.gráfica estaba planteada como la mejor r9 280X pero debido a fallos de fabrica generalizados en toda la gama (yo he devuelto dos con el mismo problema de artifacts y defectos en la imagen) leyendo en foros especializados casi todo el mundo experimenta lo mismo, un desastre AMD y Sapphire.....por ver como se desarrolla mantle pero esque he estado a punto de pasarme a Nvidia"
"Super Graka","Brachi","Germania","16 aprile 2014",5,"Schnelle Graka ohne größere Fehler!Sie ist zwa etwas lauter als die anderen Modelle, ausgenommen natürlich Refarenzkühler, aber sie kann durchaus mit den High end Modellen mithalten!Ich selber habe 2 im CF laufen und keinerlei probleme damit!"
"Schnelle Grafikkarte unter last etwas laut","Jürgen Friede","Germania","23 maggio 2014",5,"Schnelle Grafik. Alles Spiele laufen super. Bei mir werkeln 2 dieser Teile im Cross-Fire-Verbund. Keinerlei Probleme bei der Einrichtung und beim Betrieb."
"Alles gut, wie erwartet","M. o.","Germania","29 gennaio 2015",5,"Die Grafikkarte läuft seit einem halben Jahr in meinen Coolermaster Haf- 932.auf einem Msi G45 Z87, mit 16gb Kingston HyperX Fury und einem i7 4770k.Man hört die Grafikkarte auch in Bf4 auf 1080p und allem in Ultra nicht! Läuft übrigens über Dx11 immer flüssig über 60fps auch bei 64 Spielern und viel Action. Es gibt auch keine Hitzeentwicklung. Die mb Temperatur geht auch beim Spielen nicht über 30 Grad.Bis jetzt gab es weder Bildfehler noch Abstürze. Ich bin total zufrieden mit der Grafikkarte.Die Gradikarte bespielt 2 Monitore (gespielt wird immer nur auf einem) und auch das läuft problemlos."
"Ungerechtfertigte Bewertung","Thomas Riegebauer","Germania","3 aprile 2014",5,"Ich habe meine Grafikkarte vor ca. 1 Woche bekommen, hatte bis jetzt keine Grafikbugs, keine hohen Temperaturen oder ein extrem lautes Lüftergeräusch. Natürlich ist 1 Woche keine extrem lange Zeit und falls Probleme auftreten werde ich meine Rezension natürlich bearbeiten. Was ich bis jetzt sagen kann ist Preis-Leistung TOP. Sieht gut aus, ist leise und leuchtet gelb"
"Super!","Mahfuzur Rahman","Germania","29 luglio 2014",5,"This is a dual slot card, with an amazing outlook. The performance is very good so far. There is a lit-up Sapphire sign which looks good on a case with a side window, but might be a bit bright at night for some people. Overall a very good product."
"R.A.S.","Jean-Claude Segura","Francia","4 maggio 2014",5,"Silencieuse en navigation et utilisation bureautique mais testée dans un boitier Cooler Master posé à 5 cm du sol. En jeu on l'entend sans toutefois être obligé de monter le son pour couvrir le ""rugissement"" des ventilateurs. Cela dit, on entend tout de même plus qu'un simple souffle."
"Top, aber zu laut, bei schlechter Lüftung!","Dominik G.","Germania","23 gennaio 2014",4,"Hatte Glück mit der Karte, erst war sie nicht zu bekommen und wenn dann nur für mehr als 360€Dann kurz vor Weihnachten 2013 einen Tag für 300€ bei Amazon! Jippie, bestellt und 2 Tage später geliefert!Die Karte ist ein riesen Teil, hat in mein Micro ATX Gehäuse gerade so rein gepasst, noch ca. 1,5 cm Abstand zur Laufwerkhalterung frei.Laut Anleitung sind 1x8 Pin und 1x6 Pin Stecker ausreichend! Pusteblume! somit wird laufen zwar die Lüfter und die Beleuchtung, aber mit Bild ist da nix. Ein paar Stunden tüfteln und umstecken brachten nix. Hab dann irgendwas abgesteckt und mir einen 2. 8 Pin Stecker gemacht und siehe da 2x8 Pin angelegt und es funktioniert!Ich habe übrigens nur ein 450W Netzteil und hatte noch keine Probleme, auch nicht unter Vollast bei BF4Die Karte bewegt sich bei mir um die 25-28 Grad idle und 70-75 Grad (BF4 Ultra)Sie ist allerdings doch verhältnismäßig laut!PC steht rechts neben mir unter dem Tisch!Mit Kopfhörern ist das nicht so das Problem aber ohne hat man das Gefühl jemand föhnt sich in der Nähe!Werde noch etwas an der Gehäuselüftung arbeiten, vielleicht wirds dann noch etwas besser!Fazit: Preis/Leistung spitzenklasse, Lüfter viel zu Laut! Aber beim aktuellen Markt würde ich sie sofort wieder kaufen!Edit: Hab mir jetzt ein neues Gehäuse besorgt mit entsprechenden Lüftern (1 x vorn, 1 x hinten und 2 oben und siehe da es geht auch leise!Die Graka ist unter volllast immer noch hörbar aber nicht mehr störend, da die Grakalüfter nicht mehr vollgas geben müssen! (Noch ca. 60% )"
"One Star","pinta","Regno Unito","16 luglio 2014",1,"This card was faulty but got full refund quickly on returning it to amazon"
"SAV super!","François P","Francia","24 settembre 2015",3,"Achetée en reconditionnée, la carte était défectueuse. N'empêche que le retour à été gratuit et le remboursement rapide. Pour l'heure le sav est top"
"Tarjeta bestial, sin palabras","Samu","Spagna","9 gennaio 2014",5,"Pedí esta tarjeta hace 1 mes aproximadamente y sin duda cuesta lo que se paga por ella. Lo mueve todo en máxima configuración sin apenas despeinarse. Máximas temperaturas de 70º y sólo en juegos de máximo rendimiento, en el resto se mantiene entre los 50 y 60º.A pesar de lo que había escuchado, el ruido que emite no es nada del otro mundo. Sólo jugando a Battlefield 4 la escucho claramente, pero por ejemplo jugando a Skyrim en máximo o FIFA 14 también en máximo prácticamente ni la oigo.Como pega diré su tamaño que es bastante grandecita (unos 29-30cm de largo), necesitáis una buena caja espaciosa para que quepa sin problemas.Tarjeta recomendadísima. También recalcar que hace un mes costaba 300€, y ahora ya casi está en los 400€."
"Serie mit Fehler!","André","Germania","7 settembre 2014",1,"1 von 3 Grafikkarten dieser Serie haben einen Grafikfehler. Etwa zweimal die Stunde ein kurzes Flackern und wenn man Pech hat kann der Bildschirm grau werden, sodass ein Neustart nötig ist. Um dieses Verhältnis auch in den Rezensionen wiederzuspiegeln gibt es von mir 1 Stern. Auch sehr unangenehm für Gamer: Artefakte (Grafikfehler) im Spiel.Sollte man Glück haben oder nichts dagegen haben die Grafikkarte so oft einzusenden, bis man eine hat ohne Fehler ist sie sicherlich auch die Bewertung der anderen wert. Relativ laute Grafikkarte, dafür gutes Preisleistungsverhältnis wenn man eine heile erwischt."
"Rendimiento por Precio Aceptable","Isaac Lascasas","Spagna","29 dicembre 2013",5,"Esta muy bien, creo que es lo mejor que se puede comprar en su rango de precios (finales de 2013). Ojo que es bastante larga y consume muchisimo (puede llegar a 380W ella sola perfectamente). El ruido es considerablemente inferior a las 280x stock. Si no quieres consumir tanto cualquier 280x menos la matrix deberia consumir 100W menos y dar mas o menos un 10% menos de rendimiento."
"Plus jamais","adri1","Francia","25 marzo 2014",2,"Après reception test de la gpu. Assassin creed IV et rome tw2 fonctionnent en ultra! Ca dégomme. SAuf qu'apres seulement une vingtaine de minutes (parfois moins), j'ai eu la mauvais surprise d'avoir des artéfacts. Du coup renvoi sav (NICKEL de la part de amazon, aucuns soucis). Elle est vraiment très jolie, performante et pas chère mais d'une grande instabilité.  Du coup j'ai opté pour une asus (asus ou msi, gage de qualité)"
"Tolle Grafikkarte aber als Warehousedeal unbrauchbar","eppson valdez","Germania","2 dicembre 2014",1,"Eine tolle Grafikkarte mit wirklich extrem guten Werten jedoch als Warehousedeal nicht zu gebrauchen, da alle Karten definitivdas Problem der Artefakte und Grafikfehler besitzen.Das Problem ist bekannt, auch ein orginal BIOS Update durch den Hersteller Sapphire brachte keine Abhilfe. Ich finde Amazon sollte Grafikkarten die schon 4-5x geöffnet wurden auch technisch prüfen und somit sicherstellen, dass sie funktionieren.Ich habe es mit BIOS Update, Runtertakten etc. versucht, nichts zu machen die Grafikkarte war schlicht defekt.Daher Achtung bei gebrauchten Modellen. Darüber hinaus sind die Lüfter für mein Gehör bzw meinen Anspruch zu laut und die Karte ein reines Kraftwerk. Ich empfehle eine andere 280x oder gleich ein 970 GTX von Nvidia."
"Preis Leistung unschlagbar","Viktor Gorjup","Germania","10 marzo 2014",5,"Für alle mit monitär begrenzten Mitteln und genug Platz im Gehäuse eine absolute Kaufempfehlung.ca. 12% Leistung weniger als die Top Modelle aber dafür auch um weit über 50% günstiger."
"Schlecht. Bildfehler und Artefakte in jedem Spiel. Zu schnell zu heiss und zu laut bei Last.","Doktor Utan Orang","Germania","5 maggio 2014",1,"UPDATE 11.09.14 - Schon 6 Gebrauchte hier gelistet! WOW - die Kunden scheinen ja superzufrieden zu sein! :DHab mich total auf die Karte gefreut da sie nahezu an die Leistung einer GTX 780 rankommt.Also, eingebaut, und gestestet.Anfangs lief alles gut und rund, aber nach einiger Zeit traten Bildfehler in Spielen, inform von Artefakten auf. Texturen begannen zu blinken etc. typisches Flickering etc. Ich stöberte im Internet, und tada... es scheinen echt viele Leute diese Art von Problemen mit der Toxic zu haben. Vorallem mit der Toxic, aber auch mit anderen Herstellern der R9 280x.Nach etlichen hín und her, u.a. alle Treiber von Version 13.12 - 14.4 alles durchprobiert. Immer wieder dieselben Fehler.Nach 2 Tagen weiteten sich die Bildfehler bis auf den Desktop aus, zuvor beschränkte es sich nur auf Spiele, wie GTA 4, Arma 3, Tomb Raider.Ein unschöner Nebeneffekt der ganzen Geschichte war ein Surren des Ersten Lüfters (Slotblende) - das ab exakt 44% auftrat. Dieses Surren pulsierte und war extrem nervtötend.Bei meiner langwierigen Internetrecherche behaupteten einige Leute  das Die Bildfehler aus Treiberproblemen stammen könnten.Daran konnte und wollte ich anfangs gerne glauben, zumal mir eine Rücksendung nicht gerade Freude bereiten würde.Da im Internet etliche Threads vorzufinden sind, was die R9 280x und Artefakte, Flickering etc betrifft, scheint dieses Modell erhebliche Sorgen und Probleme zu bereiten. Ich rate daher vom Kauf ab. Ich woltle nicht mal eine neue R9 280x testen, da bei manchen Leuten, laut Forenberichten, Bildfehler erst nach Monaten entstanden.Ich vermute einfach mal das diese Karte viel zu hoch gezüchtet ist, und so am maximal möglichen läuft das sie generell nicht sehr lange halten kann/wird.Es ist übrigens keine Kunst mit dem Furmark schnell die 80-90° zu erreichen innerhalb von 5 Minuten) und zusätzlich eine Flugzeugturbine zu haben. Meine GTX 770 erreicht da maximal 70 Grad und ist kaum zu hören.Ich hab mir nun eine Zotac GTX 770 AMP gegönnt obwohl sie minimal langsamer ist. Sie läuft wie ein Kätzchen, und ich kann wohl unbesorgt sein, auch in den nächsten Monaten, das vielleicht die Spannungswandler abrauchen, oder der Vram zu hoch getaktet ist.Wer ernsthaft erzählen möchte das die Karte leise ist, sollte mal den Lüfter auf 50% testen. Die Lüfterkurve ist extrem scharf eingestellt. bei 80° dreht der Lüfter auf 70% und ist schon sehr laut. Das geht in die Art eines Föhns. Wirds noch wärmer, wirds noch lauter.Tja - hier erkauft man sich einen halben Föhn, der viel zu hoch gezüchtet wurde, Strom onmass verschlingt und bei Last auch noch eine Heizung ersetzen könnte. Aussfallwahrscheinlichkeit ist auch sehr hoch. Es gibt in Foren Leute, die 2x hintereinander eine defekte Karte bekamen, daher - spart euch das lieber!Anbei sollten Käufer die sich für die Karte interressieren mal bitte andere Rezensionen lesen, z.b. von Mindfactory.Seltsam ist auch das immer vier bis fünf gebrauchte Karten hier bei Amazon zu finden sind...warum wohl?Bei der Zotac GTX 770 AMP! - hab ich noch keine Gebrauchte gefunden, warum nur.... *in die Luft guck und pfeiff*die R9 280x scheint eine Fehlkonstruktion zu sein, und deswegen die vielen Rückläufer....."
"Jede zweite R9 280X Artefakte egal welcher hersteller!","Marcus","Germania","9 febbraio 2014",1,"Ich habe diese karte gewählt weil sie ein gutes preis-/leistungsverhältnis versprach,sie zwischen der gtx 770 und der 780 von der leistung her lag und es sich dabei ja nur um eine HD7970 GHz edition mit höherer taktung handelt und dachte alle krankheiten sollten wohl behoben sein. aber weit gefehlt!Die erste karte die ich bekommen habe ging gleich 2 tage später wider zurück und habe mir eine ersatzkarte zuschicken lassen, die noch schlimmer war, erstmal wider grafikfehler(artefakte) zu dem noch 2 defekte Lüfter der erste lüfter machte ein komisches geräusch bei mittleren drehzahlen und beim zweiten ist bei volllast ein lüfterblatt abgebrochen es hatte auch vorher schon den anschein als ob irgendetwas schleift somit geht diese karte auch zurück.wer ein bisschen zeit hat kann sich ja mal die ganzen probleme mit den artefakten bei youtube  ansehen oder einfach mal googlen, diese probleme hat so gut wie jeder hersteller der R9 280Xich persönlich werde auf eine gtx 770 umsteigen"
"La meilleur des R9 280x Custom ?","Jarno","Francia","5 dicembre 2013",5,"Sur papier du moins. Tous les sites de tests en son convaincu. Maintenant, faudra la tester dans ma Fractal Design Mini.CONFIG:- MSI B85M-G43- Intel Core i5-4670 (3.4 GHz)- Noctua NH-U12P- Corsair Vengeance Low Profile Blue Series 8 Go (2x 4 Go) DDR3 1600 MHz CL9- Samsung SSD 840 PRO 256 Go- Seagate Barracuda 7200.14 SATA 6Gb/s 500 Go- Western digital Green WD20NPVX - 2To SATA II 8Mo- Sapphire Radeon R9 280X Toxic OC - 3 Go- Seasonic X-650- Fractal Design Define Mini - NoirInstallation:31 CM ! Faite bien attention à l'espace disponible dans votre tour !!Petite frayeur lors de l'installation des drivers Catalyst 13.11: écran noir... On ne voit que la souris. Après un Restore de Windows 8.1, je décide de ne pas mettre les mises à jour Win8.1. Et là, pas de soucis. Dnas les mises à jour, Microsoft propose une sorte de driver alternatif pour les HD79xx. NE PAS L'APPLIQUER !TEST:Call of Duty Ghost (single player): Parfait, configuration graphique en high ou very high. Pas une saccade, tout est fluide et beau. Pas fait de test FPS encore. Je dois faire le mode multijoueurs pour ça...[....]"
